source,target,score
6831,10791,0.5928338762214984
6831,7722,0.6091205211726385
6831,10800,0.6058631921824105
6831,10816,0.6693811074918566
6831,10818,0.6498371335504886
1721,6831,0.5798045602605864
6256,6831,0.6042345276872965
6831,10605,0.6368078175895765
660,6831,0.6107491856677525
5913,6831,0.6384364820846905
6831,14500,0.5863192182410424
6831,14501,0.5700325732899023
6831,7847,0.5879478827361564
6831,14508,0.6547231270358306
6831,14509,0.5944625407166124
4812,6831,0.5863192182410424
1252,6831,0.6547231270358306
6831,13039,0.7100977198697068
4851,6831,0.7084690553745928
6831,14073,0.6921824104234527
6831,12032,0.5602605863192183
6831,12039,0.5732899022801303
6831,14101,0.5928338762214984
6831,14106,0.5830618892508144
6831,14107,0.5651465798045603
6831,14108,0.6123778501628665
4898,6831,0.6514657980456026
6831,11043,0.6612377850162866
6831,10535,0.6058631921824105
6831,13101,0.6335504885993485
6831,13102,0.6335504885993485
6831,10562,0.6074918566775245
6831,12103,0.6840390879478827
6831,12104,0.6449511400651465
1366,6831,0.6563517915309446
6831,14702,0.6824104234527687
6831,14704,0.6123778501628665
6831,14709,0.6872964169381107
6831,14711,0.6009771986970684
6831,14203,0.6579804560260586
6831,10147,0.6856677524429967
6831,11204,0.5830618892508144
6831,11205,0.5944625407166124
6831,14279,0.6661237785016286
1482,6831,0.6074918566775245
6831,7638,0.5749185667752443
6831,10715,0.6368078175895765
6831,14300,0.6254071661237784
6831,14304,0.7019543973941368
6831,14305,0.7068403908794788
6831,14307,0.6856677524429967
6831,14310,0.6156351791530945
7722,10791,0.6878557874762808
10791,10802,0.5787476280834914
10791,10816,0.6110056925996205
10791,10818,0.6166982922201139
1721,10791,0.5588235294117647
10605,10791,0.6480075901328273
660,10791,0.6973434535104365
5913,10791,0.6280834914611005
9369,10791,0.5550284629981025
10791,14500,0.6110056925996205
10791,14501,0.610056925996205
10791,14502,0.6802656546489564
10791,14506,0.5654648956356736
10791,14508,0.5986717267552182
10791,14509,0.7001897533206831
10791,14512,0.6299810246679317
8883,10791,0.5882352941176471
10791,14009,0.5967741935483871
10791,14010,0.5645161290322581
4812,10791,0.5834914611005693
10450,10791,0.5702087286527514
1252,10791,0.6726755218216319
10791,13039,0.6679316888045541
4851,10791,0.6963946869070209
10791,14073,0.6527514231499051
10791,13050,0.6072106261859582
10791,12039,0.6015180265654649
10513,10791,0.5967741935483871
10791,14101,0.562618595825427
10791,14103,0.5929791271347249
10791,14106,0.6717267552182163
10791,14107,0.6593927893738141
10791,14108,0.6707779886148008
10791,11043,0.6480075901328273
10791,13101,0.6840607210626186
10791,13102,0.5768500948766604
10557,10791,0.5872865275142315
10562,10791,0.5721062618595826
10791,12103,0.650853889943074
10791,12104,0.6394686907020873
1366,10791,0.6992409867172675
10791,14700,0.6774193548387096
10791,14701,0.5967741935483871
10791,14702,0.6195445920303605
10791,14703,0.5787476280834914
10791,14704,0.6641366223908919
10791,14705,0.6764705882352942
10791,14708,0.5844402277039848
10791,14709,0.6584440227703985
10791,14711,0.6593927893738141
10791,14712,0.6053130929791272
10791,14713,0.7060301507537688
10791,14203,0.6717267552182163
10147,10791,0.6176470588235294
10791,11204,0.6679316888045541
10791,11205,0.5872865275142315
10791,14279,0.6375711574952562
1482,10791,0.627134724857685
10715,10791,0.571157495256167
10791,14300,0.7647058823529411
10791,14302,0.7115749525616698
10791,14304,0.6669829222011385
10791,14305,0.6309297912713473
10791,14307,0.6480075901328273
10791,14308,0.6024667931688804
10791,14309,0.5825426944971537
10791,14310,0.5920303605313093
7722,10800,0.571157495256167
7722,10816,0.644212523719165
7722,10818,0.6413662239089184
7722,10605,0.698292220113852
660,7722,0.6470588235294118
5913,7722,0.6631878557874763
7722,14500,0.5986717267552182
7722,14501,0.5673624288425048
7722,14502,0.6584440227703985
7722,14508,0.650853889943074
7722,14509,0.6764705882352942
7722,14512,0.5806451612903226
7722,8883,0.5825426944971537
4812,7722,0.5939278937381404
1252,7722,0.7485768500948766
7722,13039,0.7182163187855788
4851,7722,0.722011385199241
7722,14073,0.6793168880455408
7722,13050,0.5740037950664136
7722,12039,0.6698292220113852
7722,10513,0.5692599620493358
7722,14101,0.5977229601518027
7722,14106,0.6878557874762808
7722,14107,0.6527514231499051
7722,14108,0.6347248576850095
4898,7722,0.571157495256167
7722,11043,0.6840607210626186
7722,13101,0.6698292220113852
7722,13102,0.579696394686907
7722,10557,0.5588235294117647
7722,10562,0.5834914611005693
7722,12103,0.6631878557874763
7722,12104,0.6565464895635673
1366,7722,0.777988614800759
7722,14700,0.6166982922201139
7722,14702,0.6518026565464896
7722,14703,0.5683111954459203
7722,14704,0.6461100569259962
7722,14705,0.6802656546489564
7722,14709,0.6963946869070209
7722,14711,0.644212523719165
7722,14712,0.5635673624288425
7722,14713,0.7814070351758794
7722,14203,0.6717267552182163
7722,10147,0.6774193548387096
7722,11204,0.6299810246679317
7722,11205,0.5569259962049335
7722,14279,0.6612903225806451
1482,7722,0.6612903225806451
7638,7722,0.5654648956356736
7722,10715,0.5664136622390892
7722,14300,0.6375711574952562
7722,14302,0.7514231499051234
7722,14304,0.6869070208728653
7722,14305,0.6394686907020873
7722,14307,0.6650853889943074
7722,14308,0.5702087286527514
7722,14309,0.6053130929791272
7722,14310,0.5882352941176471
10800,10816,0.5977229601518027
10605,10800,0.562618595825427
5913,10800,0.5664136622390892
10800,14508,0.5958254269449715
10800,14509,0.5645161290322581
1252,10800,0.5910815939278937
10800,13039,0.6261859582542695
4851,10800,0.594876660341556
10800,14073,0.5986717267552182
10800,14106,0.5768500948766604
4898,10800,0.5853889943074004
10800,11043,0.5853889943074004
10800,13102,0.5787476280834914
10562,10800,0.571157495256167
10800,12103,0.5749525616698292
10800,12104,0.5806451612903226
1366,10800,0.5768500948766604
10800,14702,0.5740037950664136
10800,14709,0.603415559772296
10800,14711,0.5578747628083491
10800,14203,0.5787476280834914
10147,10800,0.5967741935483871
10800,14279,0.5721062618595826
10715,10800,0.5853889943074004
10800,14300,0.5759013282732448
10800,14302,0.5597722960151803
10800,14304,0.5787476280834914
10800,14307,0.5929791271347249
10800,14310,0.5635673624288425
10802,10823,0.6110056925996205
10802,11029,0.6328273244781784
9369,10802,0.6973434535104365
10802,14501,0.5683111954459203
10802,14504,0.6138519924098672
10802,14506,0.6584440227703985
10802,14510,0.6043643263757116
10802,14511,0.6375711574952562
10802,14512,0.6717267552182163
10802,14002,0.6537001897533207
10802,14009,0.6318785578747628
10450,10802,0.5920303605313093
10802,14077,0.6527514231499051
10513,10802,0.6166982922201139
10802,14103,0.627134724857685
10802,14105,0.7305502846299811
10802,14107,0.5721062618595826
10802,14108,0.6337760910815939
10802,11044,0.6593927893738141
10557,10802,0.5920303605313093
10802,14700,0.6470588235294118
10802,14701,0.5872865275142315
10802,14704,0.6337760910815939
10802,14705,0.5986717267552182
10802,14706,0.713472485768501
10802,14707,0.6764705882352942
10802,14708,0.5683111954459203
10802,14710,0.6641366223908919
10802,14712,0.7466793168880456
10802,11204,0.5635673624288425
7638,10802,0.579696394686907
10802,14303,0.6755218216318786
10802,14503,0.644212523719165
10816,10818,0.6489563567362429
6256,10816,0.5901328273244781
10605,10816,0.6850094876660342
660,10816,0.5759013282732448
5913,10816,0.6375711574952562
10816,14500,0.603415559772296
10816,14502,0.5635673624288425
7847,10816,0.5815939278937381
10816,14508,0.683111954459203
10816,14509,0.6081593927893738
4812,10816,0.5806451612903226
1252,10816,0.6660341555977229
10816,13039,0.7571157495256167
4851,10816,0.7210626185958254
10816,14073,0.7400379506641366
10816,13050,0.5597722960151803
10816,12039,0.6005692599620494
10816,14101,0.6233396584440227
10816,14106,0.594876660341556
10816,14108,0.5550284629981025
4898,10816,0.6242884250474383
10816,11043,0.7400379506641366
10535,10816,0.5559772296015181
10816,13101,0.603415559772296
10816,13102,0.6394686907020873
10562,10816,0.5910815939278937
10816,12103,0.7115749525616698
10816,12104,0.6413662239089184
1366,10816,0.6527514231499051
10816,14702,0.6878557874762808
10816,14704,0.573055028462998
10816,14709,0.7352941176470589
10816,14711,0.5787476280834914
10816,14713,0.7311557788944724
10816,14203,0.6850094876660342
10147,10816,0.7077798861480076
10816,14279,0.6992409867172675
1482,10816,0.5588235294117647
7638,10816,0.5844402277039848
10715,10816,0.6480075901328273
10816,14300,0.6432637571157496
10816,14302,0.5882352941176471
10816,14304,0.6783681214421252
10816,14305,0.6679316888045541
10816,14307,0.7001897533206831
10816,14309,0.5768500948766604
10816,14310,0.642314990512334
10605,10818,0.6622390891840607
660,10818,0.5891840607210627
5913,10818,0.6527514231499051
10818,14500,0.618595825426945
10818,14502,0.571157495256167
7847,10818,0.5673624288425048
10818,14508,0.6631878557874763
10818,14509,0.6223908918406073
4812,10818,0.603415559772296
1252,10818,0.6518026565464896
10818,13039,0.7172675521821632
4851,10818,0.7011385199240987
10818,14073,0.6992409867172675
10818,13050,0.5607210626185958
10818,12032,0.5844402277039848
10818,12039,0.5683111954459203
10818,14101,0.6110056925996205
10818,14106,0.5958254269449715
10818,14108,0.5692599620493358
4898,10818,0.5872865275142315
10818,11043,0.6973434535104365
10818,13101,0.6091081593927894
10818,13102,0.6280834914611005
10562,10818,0.5550284629981025
10818,12103,0.6992409867172675
10818,12104,0.6309297912713473
1366,10818,0.6641366223908919
10818,14702,0.7049335863377609
10818,14704,0.562618595825427
10818,14709,0.7182163187855788
10818,14713,0.7110552763819096
10818,14203,0.644212523719165
10147,10818,0.7077798861480076
10818,11204,0.5559772296015181
10818,11205,0.5721062618595826
10818,14279,0.7020872865275142
1482,10818,0.5872865275142315
10715,10818,0.6091081593927894
10818,14300,0.6214421252371917
10818,14302,0.5986717267552182
10818,14304,0.6574952561669829
10818,14305,0.6394686907020873
10818,14307,0.6859582542694497
10818,14310,0.5664136622390892
3658,10823,0.5616698292220114
10823,11029,0.6252371916508539
9369,10823,0.6897533206831119
10823,14501,0.5749525616698292
10823,14504,0.6717267552182163
10823,14506,0.6688804554079696
10823,14510,0.642314990512334
10823,14511,0.6499051233396584
10823,14512,0.5958254269449715
10823,14002,0.6404174573055028
10823,14009,0.6603415559772297
10823,14010,0.573055028462998
10450,10823,0.6176470588235294
10823,14077,0.6280834914611005
10513,10823,0.6223908918406073
10823,14103,0.6480075901328273
10823,14105,0.7011385199240987
10823,11044,0.6129032258064516
10557,10823,0.6043643263757116
10823,12109,0.5977229601518027
10823,14700,0.594876660341556
10823,14701,0.6110056925996205
10823,14705,0.5607210626185958
10823,14706,0.6859582542694497
10823,14707,0.6489563567362429
10823,14708,0.618595825426945
10823,14710,0.6631878557874763
10823,14712,0.7106261859582542
10823,14303,0.6641366223908919
10823,14503,0.6290322580645161
1721,6256,0.562618595825427
1721,5913,0.5920303605313093
1721,12104,0.5588235294117647
1721,14711,0.5597722960151803
1721,14279,0.5559772296015181
1721,10715,0.5597722960151803
1721,14310,0.5673624288425048
6256,13039,0.594876660341556
4851,6256,0.5588235294117647
6256,14073,0.5777988614800759
6256,12039,0.5645161290322581
4898,6256,0.5967741935483871
6256,11043,0.571157495256167
6256,12103,0.5777988614800759
6256,14702,0.5825426944971537
6256,14709,0.5834914611005693
6256,14203,0.5920303605313093
6256,10147,0.5692599620493358
6256,14279,0.5777988614800759
6256,10715,0.5958254269449715
6256,14300,0.5635673624288425
6256,14305,0.5588235294117647
6256,14307,0.5683111954459203
6256,14310,0.5777988614800759
9369,11029,0.7144212523719166
11029,14501,0.5673624288425048
11029,14504,0.6489563567362429
11029,14506,0.6869070208728653
11029,14510,0.6375711574952562
11029,14511,0.7087286527514232
11029,14512,0.6005692599620494
11029,14002,0.7172675521821632
11029,14009,0.6555977229601518
10450,11029,0.5929791271347249
11029,14077,0.7030360531309298
10513,11029,0.635673624288425
11029,14103,0.644212523719165
11029,14105,0.7466793168880456
11029,11044,0.6527514231499051
10557,11029,0.6166982922201139
11029,12109,0.6005692599620494
11029,14700,0.5853889943074004
11029,14701,0.6195445920303605
11029,14706,0.7296015180265655
11029,14707,0.6546489563567363
11029,14708,0.5673624288425048
11029,14710,0.6565464895635673
11029,14712,0.7058823529411765
11029,14303,0.7333965844402277
11029,14503,0.7020872865275142
660,5767,0.5616698292220114
5767,8883,0.5853889943074004
5767,14107,0.6015180265654649
660,10605,0.6261859582542695
5913,10605,0.6660341555977229
10605,14500,0.618595825426945
10605,14502,0.5910815939278937
7847,10605,0.562618595825427
10605,14508,0.674573055028463
10605,14509,0.6489563567362429
4812,10605,0.6622390891840607
1252,10605,0.6774193548387096
10605,13039,0.7514231499051234
4851,10605,0.7647058823529411
10605,14073,0.7058823529411765
10605,13050,0.5569259962049335
10605,12032,0.5597722960151803
10605,12039,0.6129032258064516
10605,14101,0.5872865275142315
10605,14106,0.642314990512334
10605,14107,0.5806451612903226
10605,14108,0.6043643263757116
4898,10605,0.5910815939278937
10605,11043,0.7058823529411765
10535,10605,0.5787476280834914
10605,13101,0.6650853889943074
10605,13102,0.6299810246679317
10562,10605,0.5616698292220114
10605,12103,0.6954459203036053
10605,12104,0.6309297912713473
10605,12107,0.5569259962049335
1366,10605,0.7305502846299811
10605,14702,0.6992409867172675
10605,14703,0.5588235294117647
10605,14704,0.5607210626185958
10605,14705,0.5825426944971537
10605,14709,0.7362428842504743
10605,14711,0.5882352941176471
10605,14713,0.8065326633165829
10605,14203,0.7001897533206831
10147,10605,0.7258064516129032
10605,11204,0.5939278937381404
10605,11205,0.579696394686907
10605,14279,0.6925996204933587
1482,10605,0.5977229601518027
10605,10715,0.6337760910815939
10605,14300,0.6309297912713473
10605,14302,0.6461100569259962
10605,14304,0.6907020872865275
10605,14305,0.6537001897533207
10605,14307,0.698292220113852
10605,14309,0.5616698292220114
10605,14310,0.5939278937381404
660,5913,0.6223908918406073
660,14500,0.5673624288425048
660,14501,0.6005692599620494
660,14502,0.6480075901328273
660,7847,0.5550284629981025
660,14508,0.5929791271347249
660,14509,0.6480075901328273
660,14512,0.6214421252371917
660,8883,0.6328273244781784
660,14009,0.5787476280834914
660,10450,0.5844402277039848
660,1252,0.6318785578747628
660,13039,0.6062618595825426
660,4851,0.7011385199240987
660,14073,0.6242884250474383
660,13050,0.5569259962049335
660,12039,0.5721062618595826
660,10513,0.5597722960151803
660,14101,0.5787476280834914
660,14103,0.5882352941176471
660,14106,0.7049335863377609
660,14107,0.7106261859582542
660,14108,0.7058823529411765
660,11043,0.5872865275142315
660,13101,0.7182163187855788
660,13102,0.5967741935483871
660,10557,0.5740037950664136
660,10562,0.5759013282732448
660,12101,0.5787476280834914
660,12103,0.603415559772296
660,12104,0.5882352941176471
660,1366,0.7172675521821632
660,14700,0.644212523719165
660,14701,0.5550284629981025
660,14702,0.6015180265654649
660,14703,0.5683111954459203
660,14704,0.6565464895635673
660,14705,0.6375711574952562
660,14708,0.5597722960151803
660,14709,0.6129032258064516
660,14711,0.6233396584440227
660,14712,0.5853889943074004
660,14713,0.635678391959799
660,14203,0.6394686907020873
660,10147,0.6005692599620494
660,11204,0.6717267552182163
660,11205,0.6081593927893738
660,14279,0.6024667931688804
660,1482,0.6660341555977229
660,14300,0.6565464895635673
660,14302,0.6707779886148008
660,14304,0.6555977229601518
660,14305,0.6328273244781784
660,14307,0.5882352941176471
660,14308,0.5683111954459203
660,14309,0.627134724857685
5913,14500,0.5759013282732448
5913,14502,0.6081593927893738
5913,7847,0.5569259962049335
5913,14508,0.6612903225806451
5913,14509,0.6489563567362429
4812,5913,0.5853889943074004
1252,5913,0.6707779886148008
5913,13039,0.6935483870967742
4851,5913,0.7751423149905123
5913,14073,0.6859582542694497
5913,12039,0.618595825426945
5913,14101,0.5891840607210627
5913,14106,0.6138519924098672
5913,14107,0.5929791271347249
5913,14108,0.5844402277039848
4898,5913,0.603415559772296
5913,11043,0.6622390891840607
5913,10535,0.573055028462998
5913,13101,0.6299810246679317
5913,13102,0.5777988614800759
5913,12103,0.6347248576850095
5913,12104,0.6214421252371917
5913,12107,0.5740037950664136
1366,5913,0.6821631878557874
5913,14702,0.6461100569259962
5913,14703,0.5559772296015181
5913,14704,0.5834914611005693
5913,14705,0.5891840607210627
5913,14709,0.6840607210626186
5913,14711,0.6166982922201139
5913,14713,0.6381909547738693
5913,14203,0.6717267552182163
5913,10147,0.6840607210626186
5913,11204,0.5825426944971537
5913,11205,0.5607210626185958
5913,14279,0.6755218216318786
1482,5913,0.6138519924098672
5913,10715,0.6053130929791272
5913,14300,0.6261859582542695
5913,14302,0.627134724857685
5913,14304,0.6385199240986718
5913,14305,0.6461100569259962
5913,14307,0.6518026565464896
5913,14309,0.6195445920303605
5913,14310,0.6129032258064516
9369,14501,0.6148007590132827
9369,14504,0.7144212523719166
9369,14506,0.7381404174573055
9369,14510,0.698292220113852
9369,14511,0.7229601518026565
9369,14512,0.7011385199240987
9369,14002,0.7371916508538899
9369,14009,0.7239089184060721
9369,14010,0.6129032258064516
9369,10450,0.6299810246679317
9369,13050,0.5578747628083491
9369,14077,0.7210626185958254
9369,10513,0.7286527514231499
9369,14103,0.7381404174573055
9369,14105,0.7922201138519924
9369,14108,0.6043643263757116
9369,11044,0.7182163187855788
9369,10557,0.6717267552182163
9369,12101,0.573055028462998
9369,12109,0.6148007590132827
9369,14700,0.6480075901328273
9369,14701,0.6774193548387096
9369,14703,0.5673624288425048
9369,14704,0.611954459203036
9369,14705,0.5996204933586338
9369,14706,0.7713472485768501
9369,14707,0.7476280834914611
9369,14708,0.642314990512334
9369,14710,0.7514231499051234
9369,14712,0.8159392789373814
9369,14303,0.7561669829222012
9369,14503,0.7409867172675522
14500,14501,0.644212523719165
14500,14508,0.650853889943074
14500,14509,0.5844402277039848
14010,14500,0.6138519924098672
1252,14500,0.5977229601518027
13039,14500,0.6717267552182163
4851,14500,0.6489563567362429
14073,14500,0.6574952561669829
13050,14500,0.6688804554079696
12032,14500,0.594876660341556
10513,14500,0.5929791271347249
14101,14500,0.5673624288425048
14103,14500,0.5768500948766604
14106,14500,0.5578747628083491
14108,14500,0.5588235294117647
4898,14500,0.6110056925996205
11043,14500,0.6480075901328273
10535,14500,0.5759013282732448
13101,14500,0.5721062618595826
13102,14500,0.5740037950664136
10557,14500,0.573055028462998
10562,14500,0.6574952561669829
12103,14500,0.6204933586337761
12104,14500,0.573055028462998
12107,14500,0.6309297912713473
1366,14500,0.6110056925996205
14500,14701,0.6546489563567363
14500,14702,0.6204933586337761
14500,14703,0.6537001897533207
14500,14708,0.6280834914611005
14500,14709,0.683111954459203
14500,14712,0.5692599620493358
14500,14713,0.7236180904522613
14203,14500,0.6404174573055028
10147,14500,0.6489563567362429
11205,14500,0.6925996204933587
14279,14500,0.6138519924098672
10715,14500,0.5550284629981025
14300,14500,0.5996204933586338
14302,14500,0.5635673624288425
14304,14500,0.6242884250474383
14305,14500,0.6299810246679317
14307,14500,0.6385199240986718
14310,14500,0.5559772296015181
14501,14502,0.5834914611005693
14501,14504,0.618595825426945
14501,14506,0.6717267552182163
14501,14509,0.5920303605313093
14501,14510,0.5977229601518027
14501,14511,0.610056925996205
14501,14512,0.6214421252371917
14002,14501,0.6024667931688804
14009,14501,0.642314990512334
14010,14501,0.6546489563567363
10450,14501,0.5654648956356736
13039,14501,0.5588235294117647
4851,14501,0.5834914611005693
14073,14501,0.571157495256167
13050,14501,0.6641366223908919
14077,14501,0.5588235294117647
10513,14501,0.6622390891840607
14103,14501,0.6802656546489564
14105,14501,0.5692599620493358
14106,14501,0.562618595825427
14107,14501,0.5635673624288425
14108,14501,0.6138519924098672
11043,14501,0.5787476280834914
11044,14501,0.6603415559772297
13101,14501,0.5768500948766604
10557,14501,0.6622390891840607
10562,14501,0.5683111954459203
12101,14501,0.5863377609108159
12104,14501,0.5882352941176471
12107,14501,0.6261859582542695
12109,14501,0.6024667931688804
1366,14501,0.5958254269449715
14501,14700,0.6366223908918406
14501,14701,0.6973434535104365
14501,14703,0.6480075901328273
14501,14704,0.6195445920303605
14501,14705,0.5863377609108159
14501,14706,0.5958254269449715
14501,14707,0.6195445920303605
14501,14708,0.6518026565464896
14501,14709,0.594876660341556
14501,14710,0.6138519924098672
14501,14712,0.6698292220113852
14501,14713,0.5628140703517588
14203,14501,0.5654648956356736
11204,14501,0.5635673624288425
11205,14501,0.6555977229601518
1482,14501,0.5578747628083491
14300,14501,0.5559772296015181
14302,14501,0.5815939278937381
14303,14501,0.5910815939278937
14304,14501,0.579696394686907
14307,14501,0.5749525616698292
14501,14503,0.5749525616698292
14502,14508,0.5607210626185958
14502,14509,0.6707779886148008
14502,14512,0.6309297912713473
1252,14502,0.6280834914611005
13039,14502,0.6043643263757116
4851,14502,0.644212523719165
14073,14502,0.6081593927893738
13050,14502,0.5683111954459203
12039,14502,0.6110056925996205
10513,14502,0.5844402277039848
14103,14502,0.5844402277039848
14106,14502,0.635673624288425
14107,14502,0.6204933586337761
14108,14502,0.642314990512334
11043,14502,0.5986717267552182
13101,14502,0.6252371916508539
10557,14502,0.5901328273244781
12103,14502,0.5673624288425048
12104,14502,0.6252371916508539
1366,14502,0.6574952561669829
14502,14700,0.6318785578747628
14502,14701,0.5607210626185958
14502,14702,0.5645161290322581
14502,14703,0.6005692599620494
14502,14704,0.6110056925996205
14502,14705,0.6413662239089184
14502,14709,0.6062618595825426
14502,14711,0.6157495256166983
14502,14712,0.5740037950664136
14502,14713,0.6457286432160804
14203,14502,0.6233396584440227
10147,14502,0.5569259962049335
11204,14502,0.610056925996205
11205,14502,0.5588235294117647
14279,14502,0.5569259962049335
1482,14502,0.6157495256166983
14300,14502,0.6546489563567363
14302,14502,0.6774193548387096
14304,14502,0.5891840607210627
14305,14502,0.573055028462998
14307,14502,0.5958254269449715
14309,14502,0.611954459203036
14310,14502,0.5597722960151803
7847,14508,0.5635673624288425
7847,13039,0.5872865275142315
4851,7847,0.6129032258064516
7847,14073,0.5920303605313093
7847,14101,0.5673624288425048
7847,11043,0.562618595825427
7847,13101,0.5635673624288425
7847,13102,0.5597722960151803
7847,12103,0.5721062618595826
1366,7847,0.5607210626185958
7847,14702,0.5692599620493358
7847,14709,0.5891840607210627
7847,14203,0.5910815939278937
7847,10147,0.5977229601518027
7847,14279,0.6024667931688804
7847,14300,0.5607210626185958
7847,14304,0.5844402277039848
7847,14305,0.5834914611005693
7847,14307,0.5616698292220114
14504,14506,0.7011385199240987
14504,14510,0.6622390891840607
14504,14511,0.6432637571157496
14504,14512,0.6385199240986718
14002,14504,0.6527514231499051
14009,14504,0.6593927893738141
14010,14504,0.5872865275142315
10450,14504,0.5550284629981025
13050,14504,0.5635673624288425
14077,14504,0.644212523719165
10513,14504,0.6622390891840607
14103,14504,0.6584440227703985
14105,14504,0.6688804554079696
14108,14504,0.5815939278937381
11044,14504,0.618595825426945
10557,14504,0.6157495256166983
12101,14504,0.5683111954459203
12109,14504,0.6005692599620494
14504,14700,0.5901328273244781
14504,14701,0.6328273244781784
14504,14703,0.562618595825427
14504,14704,0.5683111954459203
14504,14705,0.5559772296015181
14504,14706,0.7039848197343453
14504,14707,0.6736242884250474
14504,14708,0.6518026565464896
14504,14710,0.6641366223908919
14504,14712,0.7201138519924098
14303,14504,0.6755218216318786
14503,14504,0.6669829222011385
14506,14510,0.6973434535104365
14506,14511,0.6992409867172675
14506,14512,0.6726755218216319
14002,14506,0.7210626185958254
14009,14506,0.7210626185958254
14010,14506,0.6043643263757116
10450,14506,0.6252371916508539
13050,14506,0.5986717267552182
14077,14506,0.706831119544592
10513,14506,0.7352941176470589
14103,14506,0.706831119544592
14105,14506,0.7286527514231499
14108,14506,0.5569259962049335
11044,14506,0.715370018975332
10557,14506,0.6878557874762808
12101,14506,0.5872865275142315
12109,14506,0.6166982922201139
14506,14700,0.6366223908918406
14506,14701,0.7371916508538899
14506,14703,0.6148007590132827
14506,14704,0.5683111954459203
14506,14705,0.562618595825427
14506,14706,0.7495256166982922
14506,14707,0.7163187855787476
14506,14708,0.6736242884250474
14506,14710,0.7096774193548387
14506,14712,0.7732447817836812
11205,14506,0.5825426944971537
14302,14506,0.5569259962049335
14303,14506,0.7390891840607211
14503,14506,0.7296015180265655
14508,14509,0.6166982922201139
4812,14508,0.5740037950664136
1252,14508,0.6451612903225806
13039,14508,0.7647058823529411
4851,14508,0.7400379506641366
14073,14508,0.7258064516129032
13050,14508,0.571157495256167
12032,14508,0.5825426944971537
12039,14508,0.5882352941176471
14101,14508,0.6451612903225806
14106,14508,0.6233396584440227
14108,14508,0.5645161290322581
4898,14508,0.6679316888045541
11043,14508,0.7210626185958254
10535,14508,0.5787476280834914
13101,14508,0.6081593927893738
13102,14508,0.6527514231499051
10562,14508,0.6081593927893738
12103,14508,0.6859582542694497
12104,14508,0.6138519924098672
12107,14508,0.5692599620493358
1366,14508,0.6783681214421252
14508,14702,0.7343453510436433
14508,14703,0.5683111954459203
14508,14709,0.7409867172675522
14508,14711,0.5635673624288425
14508,14713,0.7286432160804021
14203,14508,0.6954459203036053
10147,14508,0.7571157495256167
11205,14508,0.5939278937381404
14279,14508,0.7172675521821632
1482,14508,0.5597722960151803
10715,14508,0.6366223908918406
14300,14508,0.6148007590132827
14302,14508,0.6005692599620494
14304,14508,0.6707779886148008
14305,14508,0.6555977229601518
14307,14508,0.6821631878557874
14309,14508,0.5588235294117647
14310,14508,0.6166982922201139
14509,14512,0.6072106261859582
8883,14509,0.571157495256167
4812,14509,0.5740037950664136
1252,14509,0.6631878557874763
13039,14509,0.6698292220113852
4851,14509,0.706831119544592
14073,14509,0.642314990512334
12039,14509,0.579696394686907
14101,14509,0.5683111954459203
14106,14509,0.6432637571157496
14107,14509,0.6375711574952562
14108,14509,0.6470588235294118
4898,14509,0.5616698292220114
11043,14509,0.6470588235294118
13101,14509,0.6698292220113852
13102,14509,0.5815939278937381
10562,14509,0.5654648956356736
12103,14509,0.6166982922201139
12104,14509,0.6091081593927894
1366,14509,0.715370018975332
14509,14700,0.6252371916508539
14509,14702,0.6299810246679317
14509,14703,0.571157495256167
14509,14704,0.6252371916508539
14509,14705,0.6366223908918406
14509,14709,0.6660341555977229
14509,14711,0.6461100569259962
14509,14713,0.7160804020100503
14203,14509,0.6774193548387096
10147,14509,0.6318785578747628
11204,14509,0.6347248576850095
11205,14509,0.571157495256167
14279,14509,0.611954459203036
1482,14509,0.6299810246679317
10715,14509,0.5683111954459203
14300,14509,0.642314990512334
14302,14509,0.6717267552182163
14304,14509,0.6698292220113852
14305,14509,0.6366223908918406
14307,14509,0.6328273244781784
14308,14509,0.579696394686907
14309,14509,0.5958254269449715
14310,14509,0.5768500948766604
14510,14511,0.683111954459203
14510,14512,0.5834914611005693
14002,14510,0.6764705882352942
14009,14510,0.6698292220113852
14010,14510,0.6148007590132827
10450,14510,0.6053130929791272
13050,14510,0.5901328273244781
14077,14510,0.6584440227703985
10513,14510,0.6897533206831119
14103,14510,0.7296015180265655
14105,14510,0.6764705882352942
11044,14510,0.6470588235294118
10557,14510,0.6451612903225806
12101,14510,0.6062618595825426
12109,14510,0.6840607210626186
14510,14700,0.5996204933586338
14510,14701,0.6603415559772297
14510,14703,0.5673624288425048
14510,14706,0.6888045540796964
14510,14707,0.6774193548387096
14510,14708,0.6612903225806451
14510,14710,0.6859582542694497
14510,14712,0.7390891840607211
11205,14510,0.5597722960151803
14303,14510,0.6802656546489564
14503,14510,0.6802656546489564
14511,14512,0.6157495256166983
14002,14511,0.7087286527514232
14009,14511,0.6726755218216319
14010,14511,0.6005692599620494
10450,14511,0.5692599620493358
14077,14511,0.6869070208728653
10513,14511,0.6679316888045541
14103,14511,0.674573055028463
14105,14511,0.7087286527514232
14108,14511,0.5569259962049335
11044,14511,0.6641366223908919
10557,14511,0.6309297912713473
12101,14511,0.5777988614800759
12109,14511,0.6157495256166983
14511,14700,0.5901328273244781
14511,14701,0.6726755218216319
14511,14703,0.5607210626185958
14511,14704,0.5721062618595826
14511,14706,0.7163187855787476
14511,14707,0.6859582542694497
14511,14708,0.642314990512334
14511,14710,0.7267552182163188
14511,14712,0.7400379506641366
14303,14511,0.715370018975332
14503,14511,0.6888045540796964
14002,14512,0.6204933586337761
8883,14512,0.5683111954459203
14009,14512,0.6679316888045541
14010,14512,0.5806451612903226
10450,14512,0.5702087286527514
1252,14512,0.571157495256167
4851,14512,0.5692599620493358
14077,14512,0.6290322580645161
10513,14512,0.6499051233396584
14103,14512,0.6593927893738141
14105,14512,0.6869070208728653
14107,14512,0.6043643263757116
14108,14512,0.6802656546489564
11044,14512,0.6470588235294118
13101,14512,0.610056925996205
10557,14512,0.6375711574952562
1366,14512,0.6110056925996205
14512,14700,0.683111954459203
14512,14701,0.644212523719165
14512,14703,0.5977229601518027
14512,14704,0.7191650853889943
14512,14705,0.674573055028463
14512,14706,0.6888045540796964
14512,14707,0.6537001897533207
14512,14708,0.5986717267552182
14512,14710,0.6584440227703985
14512,14711,0.5882352941176471
14512,14712,0.7182163187855788
14512,14713,0.6105527638190955
11204,14512,0.5939278937381404
1482,14512,0.5702087286527514
7638,14512,0.5759013282732448
14300,14512,0.5673624288425048
14302,14512,0.635673624288425
14303,14512,0.6565464895635673
14304,14512,0.5692599620493358
14308,14512,0.5664136622390892
14309,14512,0.6005692599620494
14503,14512,0.6489563567362429
14002,14009,0.6717267552182163
14002,14010,0.5740037950664136
14002,14077,0.7201138519924098
10513,14002,0.6584440227703985
14002,14103,0.6698292220113852
14002,14105,0.7770398481973435
11044,14002,0.7020872865275142
10557,14002,0.6347248576850095
12101,14002,0.5578747628083491
12109,14002,0.6053130929791272
14002,14700,0.5664136622390892
14002,14701,0.6470588235294118
14002,14706,0.7722960151802657
14002,14707,0.7428842504743833
14002,14708,0.611954459203036
14002,14710,0.7001897533206831
14002,14712,0.7258064516129032
14002,14303,0.7390891840607211
14002,14503,0.7552182163187856
8883,10450,0.5740037950664136
1252,8883,0.5597722960151803
4851,8883,0.5891840607210627
8883,14106,0.6043643263757116
8883,14107,0.6574952561669829
8883,14108,0.6489563567362429
8883,13101,0.6309297912713473
1366,8883,0.6394686907020873
8883,14700,0.5920303605313093
8883,14704,0.6432637571157496
8883,14705,0.5749525616698292
8883,14711,0.5588235294117647
8883,11204,0.6195445920303605
1482,8883,0.5635673624288425
8883,14300,0.5607210626185958
8883,14302,0.5958254269449715
8883,14308,0.5863377609108159
14009,14010,0.6299810246679317
10450,14009,0.6347248576850095
13050,14009,0.5834914611005693
14009,14077,0.6707779886148008
10513,14009,0.706831119544592
14009,14103,0.6707779886148008
14009,14105,0.6916508538899431
14009,14107,0.5740037950664136
14009,14108,0.6005692599620494
11044,14009,0.6565464895635673
10557,14009,0.6707779886148008
12101,14009,0.5664136622390892
12109,14009,0.6110056925996205
14009,14700,0.650853889943074
14009,14701,0.6698292220113852
14009,14703,0.6223908918406073
14009,14704,0.6176470588235294
14009,14705,0.5996204933586338
14009,14706,0.6859582542694497
14009,14707,0.6821631878557874
14009,14708,0.6432637571157496
14009,14710,0.6821631878557874
14009,14712,0.7552182163187856
14009,14268,0.562618595825427
11205,14009,0.5616698292220114
14009,14302,0.5882352941176471
14009,14303,0.6850094876660342
14009,14503,0.6631878557874763
10450,14010,0.562618595825427
13039,14010,0.5607210626185958
13050,14010,0.6574952561669829
10513,14010,0.6480075901328273
14010,14103,0.6394686907020873
14010,14105,0.5664136622390892
14010,14108,0.5759013282732448
11044,14010,0.6062618595825426
10557,14010,0.6337760910815939
10562,14010,0.5578747628083491
12107,14010,0.603415559772296
12109,14010,0.5844402277039848
14010,14701,0.6707779886148008
14010,14703,0.6451612903225806
14010,14704,0.5664136622390892
14010,14706,0.5759013282732448
14010,14707,0.6176470588235294
14010,14708,0.6518026565464896
14010,14709,0.5645161290322581
14010,14710,0.6299810246679317
14010,14712,0.6612903225806451
14010,14713,0.5552763819095478
14010,14268,0.571157495256167
11205,14010,0.6081593927893738
14010,14300,0.5654648956356736
14010,14303,0.5635673624288425
14010,14307,0.5777988614800759
1252,4812,0.5891840607210627
4812,13039,0.6138519924098672
4812,4851,0.6555977229601518
4812,14073,0.5967741935483871
4812,14106,0.6005692599620494
4812,11043,0.5759013282732448
4812,13101,0.5920303605313093
4812,12103,0.6204933586337761
4812,12104,0.5683111954459203
1366,4812,0.6546489563567363
4812,14702,0.5749525616698292
4812,14709,0.6005692599620494
4812,14711,0.5607210626185958
4812,14713,0.6959798994974874
4812,14203,0.5872865275142315
4812,10147,0.6223908918406073
4812,14279,0.5901328273244781
4812,14300,0.5825426944971537
4812,14302,0.594876660341556
4812,14304,0.6233396584440227
4812,14307,0.5825426944971537
10450,14077,0.594876660341556
10450,10513,0.6157495256166983
10450,14103,0.6347248576850095
10450,14105,0.6081593927893738
10450,14107,0.6252371916508539
10450,11044,0.5910815939278937
10450,10557,0.6024667931688804
10450,12101,0.5787476280834914
10450,12109,0.6024667931688804
10450,14700,0.6166982922201139
10450,14701,0.5815939278937381
10450,14704,0.5777988614800759
10450,14705,0.5550284629981025
10450,14706,0.594876660341556
10450,14707,0.5815939278937381
10450,14708,0.5910815939278937
10450,14710,0.5787476280834914
10450,14712,0.6821631878557874
10450,11204,0.5616698292220114
10450,14302,0.5901328273244781
10450,14303,0.6157495256166983
10450,14503,0.5777988614800759
1252,13039,0.7011385199240987
1252,4851,0.7580645161290323
1252,14073,0.706831119544592
1252,13050,0.5901328273244781
1252,12032,0.5569259962049335
1252,12039,0.6954459203036053
1252,14101,0.5825426944971537
1252,14106,0.6603415559772297
1252,14107,0.6110056925996205
1252,14108,0.6157495256166983
1252,4898,0.5872865275142315
1252,11043,0.6944971537001897
1252,10535,0.5597722960151803
1252,13101,0.6480075901328273
1252,13102,0.5996204933586338
1252,10562,0.5901328273244781
1252,12103,0.6774193548387096
1252,12104,0.650853889943074
1252,1366,0.7495256166982922
1252,14700,0.6015180265654649
1252,14702,0.6518026565464896
1252,14703,0.5740037950664136
1252,14704,0.6461100569259962
1252,14705,0.6717267552182163
1252,14709,0.6992409867172675
1252,14711,0.635673624288425
1252,14713,0.7085427135678392
1252,14203,0.7286527514231499
1252,10147,0.6821631878557874
1252,11204,0.6062618595825426
1252,14279,0.6612903225806451
1252,1482,0.6565464895635673
1252,10715,0.6337760910815939
1252,14300,0.6432637571157496
1252,14302,0.7011385199240987
1252,14304,0.7125237191650854
1252,14305,0.6840607210626186
1252,14307,0.6869070208728653
1252,14308,0.5588235294117647
1252,14309,0.5749525616698292
1252,14310,0.5844402277039848
4851,13039,0.7874762808349146
13039,14073,0.7903225806451613
13039,13050,0.6309297912713473
12032,13039,0.6129032258064516
12039,13039,0.6489563567362429
13039,14101,0.6622390891840607
13039,14106,0.6461100569259962
13039,14108,0.5768500948766604
4898,13039,0.6944971537001897
11043,13039,0.8235294117647058
10535,13039,0.6565464895635673
13039,13101,0.6432637571157496
13039,13102,0.6698292220113852
10562,13039,0.6138519924098672
12103,13039,0.7599620493358634
12104,13039,0.6755218216318786
12107,13039,0.6091081593927894
1366,13039,0.7087286527514232
13039,14702,0.786527514231499
13039,14703,0.6081593927893738
13039,14704,0.5768500948766604
13039,14705,0.5939278937381404
13039,14709,0.8444022770398482
13039,14711,0.6176470588235294
13039,14713,0.8140703517587939
13039,14203,0.7400379506641366
10147,13039,0.786527514231499
11204,13039,0.5692599620493358
11205,13039,0.6072106261859582
13039,14279,0.7855787476280834
1482,13039,0.5853889943074004
7638,13039,0.5569259962049335
10715,13039,0.7058823529411765
13039,14300,0.6793168880455408
13039,14302,0.6518026565464896
13039,14304,0.7324478178368121
13039,14305,0.7096774193548387
13039,14307,0.7703984819734345
13039,14309,0.5721062618595826
13039,14310,0.6641366223908919
4851,14073,0.784629981024668
4851,13050,0.594876660341556
4851,12032,0.5910815939278937
4851,12039,0.6840607210626186
4851,14101,0.6347248576850095
4851,14106,0.706831119544592
4851,14107,0.6698292220113852
4851,14108,0.6774193548387096
4851,4898,0.6537001897533207
4851,11043,0.7533206831119544
4851,10535,0.6157495256166983
4851,13101,0.7172675521821632
4851,13102,0.6622390891840607
4851,10562,0.6081593927893738
4851,12103,0.7210626185958254
4851,12104,0.6660341555977229
4851,12107,0.603415559772296
1366,4851,0.8036053130929791
4851,14700,0.5872865275142315
4851,14702,0.7352941176470589
4851,14703,0.6062618595825426
4851,14704,0.6499051233396584
4851,14705,0.6451612903225806
4851,14709,0.7808349146110057
4851,14711,0.6565464895635673
4851,14713,0.7839195979899497
4851,14203,0.7817836812144212
4851,10147,0.7685009487666035
4851,11204,0.6546489563567363
4851,11205,0.6129032258064516
4851,14279,0.7286527514231499
1482,4851,0.6641366223908919
4851,10715,0.6451612903225806
4851,14300,0.7115749525616698
4851,14302,0.6973434535104365
4851,14304,0.7552182163187856
4851,14305,0.7087286527514232
4851,14307,0.7058823529411765
4851,14308,0.5882352941176471
4851,14309,0.6461100569259962
4851,14310,0.6432637571157496
13050,14073,0.5777988614800759
12032,14073,0.5986717267552182
12039,14073,0.6081593927893738
14073,14101,0.6650853889943074
14073,14106,0.6480075901328273
14073,14107,0.5645161290322581
14073,14108,0.5863377609108159
4898,14073,0.6480075901328273
11043,14073,0.7798861480075902
10535,14073,0.5891840607210627
13101,14073,0.6518026565464896
13102,14073,0.674573055028463
10562,14073,0.5967741935483871
12103,14073,0.7296015180265655
12104,14073,0.6764705882352942
12107,14073,0.5863377609108159
1366,14073,0.706831119544592
14073,14702,0.7239089184060721
14073,14703,0.5692599620493358
14073,14704,0.6138519924098672
14073,14705,0.5891840607210627
14073,14709,0.7884250474383302
14073,14711,0.603415559772296
14073,14713,0.7864321608040201
14073,14203,0.7305502846299811
10147,14073,0.7495256166982922
11204,14073,0.5901328273244781
11205,14073,0.5920303605313093
14073,14279,0.7504743833017078
1482,14073,0.5996204933586338
7638,14073,0.5929791271347249
10715,14073,0.6584440227703985
14073,14300,0.6755218216318786
14073,14302,0.6252371916508539
14073,14304,0.7239089184060721
14073,14305,0.706831119544592
14073,14307,0.722011385199241
14073,14309,0.5939278937381404
14073,14310,0.6318785578747628
12032,13050,0.5597722960151803
12039,13050,0.5635673624288425
10513,13050,0.6612903225806451
13050,14103,0.5986717267552182
4898,13050,0.5834914611005693
11043,13050,0.6148007590132827
11044,13050,0.5920303605313093
10535,13050,0.5664136622390892
13050,13101,0.5645161290322581
10557,13050,0.6584440227703985
10562,13050,0.6091081593927894
12103,13050,0.5683111954459203
12107,13050,0.6385199240986718
12109,13050,0.5787476280834914
1366,13050,0.5635673624288425
13050,14701,0.6755218216318786
13050,14702,0.573055028462998
13050,14703,0.6726755218216319
13050,14705,0.5550284629981025
13050,14707,0.5616698292220114
13050,14708,0.6537001897533207
13050,14709,0.6223908918406073
13050,14710,0.5597722960151803
13050,14712,0.6148007590132827
13050,14713,0.6005025125628141
13050,14203,0.5777988614800759
10147,13050,0.5759013282732448
13050,14268,0.5654648956356736
11203,13050,0.5740037950664136
11205,13050,0.6432637571157496
13050,14279,0.5806451612903226
13050,14300,0.5559772296015181
13050,14302,0.5569259962049335
13050,14304,0.5929791271347249
13050,14305,0.5721062618595826
13050,14307,0.611954459203036
10513,14077,0.6565464895635673
14077,14103,0.6385199240986718
14077,14105,0.75426944971537
11044,14077,0.6669829222011385
10557,14077,0.6195445920303605
12109,14077,0.6024667931688804
14077,14700,0.5929791271347249
14077,14701,0.627134724857685
14077,14706,0.75426944971537
14077,14707,0.7144212523719166
14077,14708,0.5891840607210627
14077,14710,0.6850094876660342
14077,14712,0.722011385199241
14077,14303,0.7599620493358634
14077,14503,0.7533206831119544
4898,12032,0.562618595825427
11043,12032,0.6091081593927894
12032,13102,0.5569259962049335
12032,12103,0.5806451612903226
12032,12107,0.5664136622390892
12032,14702,0.5806451612903226
12032,14703,0.5939278937381404
12032,14709,0.6328273244781784
12032,14713,0.5678391959798995
12032,14203,0.5721062618595826
10147,12032,0.6242884250474383
11205,12032,0.5607210626185958
12032,14279,0.5967741935483871
12032,14307,0.5977229601518027
12039,14106,0.5749525616698292
12039,14107,0.5863377609108159
4898,12039,0.5702087286527514
11043,12039,0.627134724857685
12039,13101,0.5550284629981025
10557,12039,0.5559772296015181
12039,12103,0.5882352941176471
12039,12104,0.5721062618595826
1366,12039,0.6299810246679317
12039,14700,0.5578747628083491
12039,14702,0.603415559772296
12039,14703,0.5920303605313093
12039,14705,0.5939278937381404
12039,14709,0.6565464895635673
12039,14711,0.5645161290322581
12039,14713,0.585427135678392
12039,14203,0.6954459203036053
10147,12039,0.6195445920303605
12039,14279,0.5891840607210627
1482,12039,0.5815939278937381
10715,12039,0.5664136622390892
12039,14300,0.6005692599620494
12039,14302,0.644212523719165
12039,14304,0.5939278937381404
12039,14305,0.6043643263757116
12039,14307,0.6053130929791272
12039,14309,0.5588235294117647
12039,14310,0.5958254269449715
10513,14103,0.7106261859582542
10513,14105,0.6631878557874763
10513,14107,0.5749525616698292
10513,14108,0.5844402277039848
10513,11044,0.6840607210626186
10513,10557,0.7077798861480076
10513,10562,0.562618595825427
10513,12101,0.5616698292220114
10513,12107,0.5777988614800759
10513,12109,0.6261859582542695
10513,14700,0.6366223908918406
10513,14701,0.715370018975332
10513,14703,0.6385199240986718
10513,14704,0.594876660341556
10513,14705,0.6043643263757116
10513,14706,0.6774193548387096
10513,14707,0.6907020872865275
10513,14708,0.6925996204933587
10513,14710,0.6821631878557874
10513,14712,0.7495256166982922
10513,14713,0.5728643216080402
10513,14268,0.5721062618595826
10513,11200,0.5607210626185958
10513,11205,0.5939278937381404
10513,14302,0.5986717267552182
10513,14303,0.6726755218216319
10513,14309,0.579696394686907
10513,14503,0.6736242884250474
14101,14106,0.603415559772296
4898,14101,0.571157495256167
11043,14101,0.6299810246679317
13101,14101,0.5910815939278937
13102,14101,0.5806451612903226
12103,14101,0.6309297912713473
12104,14101,0.5815939278937381
12107,14101,0.562618595825427
1366,14101,0.5977229601518027
14101,14702,0.6366223908918406
14101,14704,0.5654648956356736
14101,14709,0.6347248576850095
14101,14713,0.6708542713567839
14101,14203,0.635673624288425
10147,14101,0.6261859582542695
11204,14101,0.5692599620493358
14101,14279,0.6233396584440227
10715,14101,0.5844402277039848
14101,14300,0.5910815939278937
14101,14302,0.5901328273244781
14101,14304,0.610056925996205
14101,14305,0.6299810246679317
14101,14307,0.6328273244781784
14101,14310,0.5749525616698292
14103,14105,0.6774193548387096
14103,14107,0.594876660341556
14103,14108,0.6223908918406073
11044,14103,0.7096774193548387
13101,14103,0.5645161290322581
10557,14103,0.6764705882352942
12101,14103,0.6385199240986718
12109,14103,0.6470588235294118
14103,14700,0.6688804554079696
14103,14701,0.7001897533206831
14103,14703,0.6091081593927894
14103,14704,0.611954459203036
14103,14705,0.5967741935483871
14103,14706,0.6888045540796964
14103,14707,0.6935483870967742
14103,14708,0.6527514231499051
14103,14710,0.7115749525616698
14103,14712,0.7675521821631879
14103,14268,0.5683111954459203
11204,14103,0.5787476280834914
11205,14103,0.579696394686907
14103,14302,0.579696394686907
14103,14303,0.6793168880455408
14103,14503,0.6603415559772297
11044,14105,0.7125237191650854
10557,14105,0.6375711574952562
12109,14105,0.5825426944971537
14105,14700,0.618595825426945
14105,14701,0.6546489563567363
14105,14704,0.573055028462998
14105,14705,0.5692599620493358
14105,14706,0.8425047438330171
14105,14707,0.7371916508538899
14105,14708,0.6053130929791272
14105,14710,0.7343453510436433
14105,14712,0.7789373814041746
14105,14303,0.786527514231499
14105,14503,0.7798861480075902
14106,14107,0.674573055028463
14106,14108,0.6527514231499051
11043,14106,0.6252371916508539
13101,14106,0.6859582542694497
13102,14106,0.6081593927893738
12103,14106,0.6204933586337761
12104,14106,0.6679316888045541
1366,14106,0.7258064516129032
14106,14700,0.5882352941176471
14106,14702,0.6110056925996205
14106,14704,0.6309297912713473
14106,14705,0.6299810246679317
14106,14709,0.650853889943074
14106,14711,0.644212523719165
14106,14713,0.7010050251256281
14106,14203,0.6480075901328273
10147,14106,0.6233396584440227
11204,14106,0.6489563567362429
14106,14279,0.6204933586337761
1482,14106,0.6204933586337761
10715,14106,0.5872865275142315
14106,14300,0.6622390891840607
14106,14302,0.7201138519924098
14106,14304,0.6574952561669829
14106,14305,0.603415559772296
14106,14307,0.6129032258064516
14106,14308,0.5787476280834914
14106,14309,0.5986717267552182
14107,14108,0.6897533206831119
13101,14107,0.6726755218216319
12101,14107,0.562618595825427
12104,14107,0.5844402277039848
1366,14107,0.6963946869070209
14107,14700,0.6518026565464896
14107,14704,0.6499051233396584
14107,14705,0.6337760910815939
14107,14708,0.5550284629981025
14107,14709,0.5664136622390892
14107,14711,0.6176470588235294
14107,14712,0.5996204933586338
14107,14713,0.6055276381909548
14107,14203,0.6166982922201139
11204,14107,0.6641366223908919
11205,14107,0.5559772296015181
1482,14107,0.6518026565464896
14107,14300,0.6062618595825426
14107,14302,0.6774193548387096
14107,14304,0.6148007590132827
14107,14305,0.5654648956356736
14107,14308,0.5967741935483871
14107,14309,0.5834914611005693
11043,14108,0.5616698292220114
11044,14108,0.5749525616698292
13101,14108,0.7390891840607211
13102,14108,0.5588235294117647
10557,14108,0.5597722960151803
12101,14108,0.5645161290322581
12103,14108,0.5882352941176471
12104,14108,0.5977229601518027
1366,14108,0.7020872865275142
14108,14700,0.6622390891840607
14108,14701,0.5692599620493358
14108,14704,0.7277039848197343
14108,14705,0.642314990512334
14108,14707,0.5597722960151803
14108,14708,0.5673624288425048
14108,14709,0.5863377609108159
14108,14710,0.5673624288425048
14108,14711,0.6204933586337761
14108,14712,0.6309297912713473
14108,14713,0.6683417085427136
14108,14203,0.6138519924098672
10147,14108,0.5588235294117647
11204,14108,0.6707779886148008
11205,14108,0.5645161290322581
1482,14108,0.6603415559772297
14108,14300,0.650853889943074
14108,14302,0.6622390891840607
14108,14304,0.6546489563567363
14108,14305,0.5929791271347249
14108,14307,0.5635673624288425
14108,14308,0.6148007590132827
14108,14309,0.6347248576850095
4898,11043,0.6546489563567363
4898,10535,0.6233396584440227
4898,13102,0.5635673624288425
4898,10562,0.5683111954459203
4898,12103,0.618595825426945
4898,12104,0.5692599620493358
4898,12107,0.5768500948766604
1366,4898,0.5759013282732448
4898,14702,0.6584440227703985
4898,14703,0.5996204933586338
4898,14709,0.6916508538899431
4898,14711,0.5635673624288425
4898,14203,0.6328273244781784
4898,10147,0.6584440227703985
4898,11205,0.5863377609108159
4898,14279,0.6480075901328273
4898,10715,0.6261859582542695
4898,14300,0.573055028462998
4898,14304,0.6062618595825426
4898,14305,0.5721062618595826
4898,14307,0.642314990512334
4898,14310,0.6148007590132827
10535,11043,0.6166982922201139
11043,13101,0.6195445920303605
11043,13102,0.642314990512334
10562,11043,0.6157495256166983
11043,12103,0.7305502846299811
11043,12104,0.6499051233396584
11043,12107,0.5939278937381404
1366,11043,0.6774193548387096
11043,14702,0.7580645161290323
11043,14703,0.5977229601518027
11043,14704,0.5872865275142315
11043,14705,0.5853889943074004
11043,14709,0.8358633776091081
11043,14711,0.5939278937381404
11043,14713,0.8316582914572864
11043,14203,0.7343453510436433
10147,11043,0.7656546489563567
11043,11204,0.5635673624288425
11043,11205,0.6005692599620494
11043,14279,0.7561669829222012
1482,11043,0.579696394686907
7638,11043,0.5645161290322581
10715,11043,0.6527514231499051
11043,14300,0.6603415559772297
11043,14302,0.6252371916508539
11043,14304,0.6897533206831119
11043,14305,0.6840607210626186
11043,14307,0.7618595825426945
11043,14309,0.5740037950664136
11043,14310,0.6432637571157496
10557,11044,0.6660341555977229
11044,12101,0.5578747628083491
11044,12109,0.5853889943074004
11044,14700,0.6138519924098672
11044,14701,0.683111954459203
11044,14703,0.5967741935483871
11044,14704,0.579696394686907
11044,14705,0.5635673624288425
11044,14706,0.7191650853889943
11044,14707,0.706831119544592
11044,14708,0.627134724857685
11044,14710,0.6859582542694497
11044,14712,0.7400379506641366
11044,14268,0.5578747628083491
11044,11205,0.5673624288425048
7638,11044,0.573055028462998
11044,14303,0.7030360531309298
11044,14503,0.6736242884250474
10535,12103,0.5882352941176471
1366,10535,0.5616698292220114
10535,14702,0.5882352941176471
10535,14703,0.5597722960151803
10535,14709,0.627134724857685
10535,14203,0.5692599620493358
10147,10535,0.6091081593927894
10535,11205,0.5597722960151803
10535,14279,0.6005692599620494
10535,10715,0.5597722960151803
10535,14304,0.5806451612903226
10535,14305,0.5616698292220114
10535,14307,0.6005692599620494
13101,13102,0.5996204933586338
12101,13101,0.5958254269449715
12103,13101,0.6261859582542695
12104,13101,0.644212523719165
1366,13101,0.7362428842504743
13101,14700,0.6157495256166983
13101,14702,0.6166982922201139
13101,14704,0.7077798861480076
13101,14705,0.6223908918406073
13101,14709,0.627134724857685
13101,14711,0.6091081593927894
13101,14712,0.5664136622390892
13101,14713,0.7085427135678392
13101,14203,0.6527514231499051
10147,13101,0.6242884250474383
11204,13101,0.6707779886148008
11205,13101,0.5777988614800759
13101,14279,0.6204933586337761
1482,13101,0.6679316888045541
10715,13101,0.5578747628083491
13101,14300,0.6518026565464896
13101,14302,0.6726755218216319
13101,14304,0.6973434535104365
13101,14305,0.6394686907020873
13101,14307,0.6204933586337761
13101,14308,0.5853889943074004
13101,14309,0.6793168880455408
13101,14310,0.562618595825427
12103,13102,0.644212523719165
12104,13102,0.6110056925996205
1366,13102,0.635673624288425
13102,14702,0.6489563567362429
13102,14704,0.5616698292220114
13102,14709,0.6650853889943074
13102,14713,0.6708542713567839
13102,14203,0.6385199240986718
10147,13102,0.6840607210626186
11204,13102,0.5616698292220114
11205,13102,0.5673624288425048
13102,14279,0.6537001897533207
10715,13102,0.5872865275142315
13102,14300,0.6091081593927894
13102,14304,0.6470588235294118
13102,14305,0.6214421252371917
13102,14307,0.6451612903225806
10557,12101,0.5597722960151803
10557,12109,0.6091081593927894
10557,14700,0.6204933586337761
10557,14701,0.6669829222011385
10557,14703,0.6233396584440227
10557,14704,0.5986717267552182
10557,14705,0.5834914611005693
10557,14706,0.6631878557874763
10557,14707,0.650853889943074
10557,14708,0.627134724857685
10557,14710,0.6347248576850095
10557,14712,0.7087286527514232
10557,11205,0.5692599620493358
10557,14302,0.6138519924098672
10557,14303,0.6385199240986718
10557,14503,0.6489563567362429
10562,12103,0.5853889943074004
10562,12107,0.5815939278937381
1366,10562,0.5967741935483871
10562,14701,0.5635673624288425
10562,14703,0.603415559772296
10562,14708,0.5635673624288425
10562,14709,0.6129032258064516
10562,14713,0.6331658291457286
10562,14203,0.6166982922201139
10147,10562,0.6015180265654649
10562,11205,0.6280834914611005
10562,14279,0.5740037950664136
10562,14300,0.5559772296015181
10562,14304,0.6233396584440227
10562,14305,0.5882352941176471
10562,14307,0.6318785578747628
12101,12109,0.6005692599620494
12101,14700,0.573055028462998
12101,14701,0.5977229601518027
12101,14704,0.5882352941176471
12101,14708,0.6081593927893738
12101,14710,0.5673624288425048
12101,14712,0.594876660341556
11204,12101,0.5654648956356736
12103,12104,0.644212523719165
1366,12103,0.6840607210626186
12103,14702,0.7115749525616698
12103,14703,0.5588235294117647
12103,14704,0.5597722960151803
12103,14705,0.5559772296015181
12103,14709,0.7390891840607211
12103,14711,0.573055028462998
12103,14713,0.7412060301507538
12103,14203,0.715370018975332
10147,12103,0.7447817836812144
11205,12103,0.5692599620493358
12103,14279,0.722011385199241
1482,12103,0.5977229601518027
10715,12103,0.6489563567362429
12103,14300,0.6669829222011385
12103,14302,0.6062618595825426
12103,14304,0.7201138519924098
12103,14305,0.674573055028463
12103,14307,0.6859582542694497
12103,14310,0.6005692599620494
1366,12104,0.6584440227703985
12104,14700,0.5740037950664136
12104,14702,0.642314990512334
12104,14704,0.627134724857685
12104,14705,0.5702087286527514
12104,14709,0.6641366223908919
12104,14711,0.6053130929791272
12104,14713,0.6733668341708543
12104,14203,0.6593927893738141
10147,12104,0.6129032258064516
11204,12104,0.5692599620493358
12104,14279,0.6252371916508539
1482,12104,0.5882352941176471
10715,12104,0.5834914611005693
12104,14300,0.6480075901328273
12104,14302,0.6413662239089184
12104,14304,0.6698292220113852
12104,14305,0.6091081593927894
12104,14307,0.6470588235294118
12104,14309,0.573055028462998
12104,14310,0.5872865275142315
12107,14701,0.6337760910815939
12107,14702,0.5740037950664136
12107,14703,0.6328273244781784
12107,14708,0.6053130929791272
12107,14709,0.6195445920303605
12107,14713,0.6005025125628141
12107,14203,0.6176470588235294
10147,12107,0.5692599620493358
11205,12107,0.6366223908918406
12107,14279,0.5768500948766604
12107,14304,0.5740037950664136
12107,14305,0.5986717267552182
12107,14307,0.5986717267552182
12109,14700,0.5683111954459203
12109,14701,0.6195445920303605
12109,14706,0.5939278937381404
12109,14707,0.594876660341556
12109,14708,0.6195445920303605
12109,14710,0.6148007590132827
12109,14712,0.6527514231499051
12109,14303,0.5901328273244781
12109,14503,0.5910815939278937
1366,14700,0.6252371916508539
1366,14702,0.6499051233396584
1366,14703,0.5559772296015181
1366,14704,0.6954459203036053
1366,14705,0.6793168880455408
1366,14709,0.7077798861480076
1366,14711,0.6546489563567363
1366,14712,0.562618595825427
1366,14713,0.7512562814070352
1366,14203,0.7087286527514232
1366,10147,0.7011385199240987
1366,11204,0.6888045540796964
1366,11205,0.5844402277039848
1366,14279,0.6669829222011385
1366,1482,0.6925996204933587
1366,10715,0.5787476280834914
1366,14300,0.6707779886148008
1366,14302,0.7201138519924098
1366,14304,0.7438330170777988
1366,14305,0.6688804554079696
1366,14307,0.6603415559772297
1366,14308,0.610056925996205
1366,14309,0.611954459203036
1366,14310,0.5740037950664136
14700,14701,0.6223908918406073
14700,14703,0.5635673624288425
14700,14704,0.6726755218216319
14700,14705,0.6802656546489564
14700,14706,0.6138519924098672
14700,14707,0.5891840607210627
14700,14708,0.5939278937381404
14700,14710,0.6110056925996205
14700,14711,0.5834914611005693
14700,14712,0.6878557874762808
14700,14713,0.6130653266331658
14203,14700,0.5815939278937381
11204,14700,0.594876660341556
1482,14700,0.603415559772296
14300,14700,0.5844402277039848
14302,14700,0.6347248576850095
14303,14700,0.6223908918406073
14304,14700,0.5806451612903226
14308,14700,0.5654648956356736
14309,14700,0.5673624288425048
14503,14700,0.5967741935483871
14701,14703,0.7030360531309298
14701,14704,0.5740037950664136
14701,14705,0.5749525616698292
14701,14706,0.6679316888045541
14701,14707,0.6802656546489564
14701,14708,0.6954459203036053
14701,14710,0.6802656546489564
14701,14712,0.7106261859582542
14701,14713,0.592964824120603
14203,14701,0.5616698292220114
14268,14701,0.5977229601518027
11205,14701,0.6499051233396584
14302,14701,0.5597722960151803
14303,14701,0.6641366223908919
14304,14701,0.5588235294117647
14305,14701,0.5550284629981025
14309,14701,0.5597722960151803
14503,14701,0.6593927893738141
14702,14703,0.5749525616698292
14702,14709,0.7827324478178368
14702,14711,0.5597722960151803
14702,14713,0.7386934673366834
14203,14702,0.7106261859582542
10147,14702,0.7599620493358634
11205,14702,0.5749525616698292
14279,14702,0.7258064516129032
1482,14702,0.5654648956356736
10715,14702,0.6726755218216319
14300,14702,0.6337760910815939
14302,14702,0.5996204933586338
14304,14702,0.681214421252372
14305,14702,0.6698292220113852
14307,14702,0.7201138519924098
14310,14702,0.6451612903225806
14703,14705,0.5721062618595826
14703,14707,0.5578747628083491
14703,14708,0.6404174573055028
14703,14709,0.6157495256166983
14703,14710,0.573055028462998
14703,14712,0.6053130929791272
14703,14713,0.5879396984924623
14203,14703,0.6195445920303605
10147,14703,0.5740037950664136
14268,14703,0.579696394686907
11205,14703,0.6489563567362429
14279,14703,0.5683111954459203
14300,14703,0.594876660341556
14302,14703,0.5939278937381404
14304,14703,0.5749525616698292
14305,14703,0.5777988614800759
14307,14703,0.6024667931688804
14309,14703,0.5844402277039848
14704,14705,0.6574952561669829
14704,14708,0.5702087286527514
14704,14709,0.5806451612903226
14704,14710,0.5721062618595826
14704,14711,0.5787476280834914
14704,14712,0.6574952561669829
14704,14713,0.6532663316582915
14203,14704,0.6091081593927894
10147,14704,0.562618595825427
11204,14704,0.6698292220113852
1482,14704,0.6261859582542695
7638,14704,0.579696394686907
14300,14704,0.6394686907020873
14302,14704,0.681214421252372
14304,14704,0.6252371916508539
14305,14704,0.6195445920303605
14307,14704,0.5806451612903226
14308,14704,0.6091081593927894
14309,14704,0.603415559772296
14705,14706,0.5635673624288425
14705,14707,0.5597722960151803
14705,14708,0.5721062618595826
14705,14709,0.5787476280834914
14705,14710,0.5664136622390892
14705,14711,0.681214421252372
14705,14712,0.6413662239089184
14705,14713,0.6482412060301508
14203,14705,0.5929791271347249
11204,14705,0.6138519924098672
1482,14705,0.6053130929791272
14300,14705,0.6043643263757116
14302,14705,0.6859582542694497
14303,14705,0.5645161290322581
14304,14705,0.6157495256166983
14305,14705,0.5721062618595826
14307,14705,0.5664136622390892
14308,14705,0.5635673624288425
14309,14705,0.5882352941176471
14503,14705,0.5654648956356736
14706,14707,0.7580645161290323
14706,14708,0.603415559772296
14706,14710,0.7343453510436433
14706,14712,0.7874762808349146
14303,14706,0.8092979127134725
14503,14706,0.7770398481973435
14707,14708,0.6176470588235294
14707,14710,0.7087286527514232
14707,14712,0.7760910815939279
14268,14707,0.5635673624288425
14303,14707,0.7352941176470589
14503,14707,0.7390891840607211
14708,14710,0.6375711574952562
14708,14712,0.674573055028463
14708,14713,0.5577889447236181
14268,14708,0.5559772296015181
11205,14708,0.6366223908918406
14303,14708,0.6062618595825426
14307,14708,0.5578747628083491
14503,14708,0.6176470588235294
14709,14711,0.5967741935483871
14709,14713,0.8115577889447236
14203,14709,0.7552182163187856
10147,14709,0.7874762808349146
11203,14709,0.562618595825427
11204,14709,0.5834914611005693
11205,14709,0.6299810246679317
14279,14709,0.7656546489563567
1482,14709,0.5891840607210627
10715,14709,0.6774193548387096
14300,14709,0.6859582542694497
14302,14709,0.6470588235294118
14304,14709,0.7277039848197343
14305,14709,0.6878557874762808
14307,14709,0.74573055028463
14309,14709,0.5607210626185958
14310,14709,0.6555977229601518
14710,14712,0.7561669829222012
14303,14710,0.6992409867172675
14503,14710,0.6736242884250474
14203,14711,0.5872865275142315
10147,14711,0.594876660341556
11204,14711,0.6110056925996205
14279,14711,0.5929791271347249
1482,14711,0.6024667931688804
10715,14711,0.5588235294117647
14300,14711,0.6129032258064516
14302,14711,0.6603415559772297
14304,14711,0.6072106261859582
14305,14711,0.5872865275142315
14307,14711,0.6024667931688804
14308,14711,0.5654648956356736
14309,14711,0.6432637571157496
14310,14711,0.5891840607210627
14268,14712,0.5607210626185958
11200,14712,0.5559772296015181
11204,14712,0.5834914611005693
11205,14712,0.571157495256167
1482,14712,0.5588235294117647
14302,14712,0.5939278937381404
14303,14712,0.7666034155597723
14309,14712,0.5740037950664136
14503,14712,0.7362428842504743
14203,14713,0.7562814070351759
10147,14713,0.7713567839195979
11204,14713,0.628140703517588
11205,14713,0.6005025125628141
14279,14713,0.7185929648241206
1482,14713,0.6030150753768844
7638,14713,0.6532663316582915
10715,14713,0.5728643216080402
14300,14713,0.7211055276381909
14302,14713,0.7361809045226131
14304,14713,0.7412060301507538
14305,14713,0.7010050251256281
14307,14713,0.7487437185929648
14309,14713,0.5728643216080402
10147,14203,0.7125237191650854
11204,14203,0.5815939278937381
11205,14203,0.6072106261859582
14203,14279,0.7077798861480076
1482,14203,0.6309297912713473
10715,14203,0.6451612903225806
14203,14300,0.6850094876660342
14203,14302,0.6413662239089184
14203,14304,0.7390891840607211
14203,14305,0.6925996204933587
14203,14307,0.7087286527514232
14203,14309,0.5806451612903226
14203,14310,0.6204933586337761
10147,11204,0.573055028462998
10147,11205,0.5986717267552182
10147,14279,0.7504743833017078
1482,10147,0.5853889943074004
10147,10715,0.650853889943074
10147,14300,0.6347248576850095
10147,14302,0.6091081593927894
10147,14304,0.7001897533206831
10147,14305,0.6944971537001897
10147,14307,0.7314990512333965
10147,14309,0.5559772296015181
10147,14310,0.6280834914611005
11204,11205,0.5559772296015181
1482,11204,0.6204933586337761
11204,14300,0.6432637571157496
11204,14302,0.6366223908918406
11204,14304,0.6110056925996205
11204,14305,0.5777988614800759
11204,14307,0.5578747628083491
11204,14308,0.627134724857685
11204,14309,0.5673624288425048
11205,14279,0.5977229601518027
11205,14300,0.5673624288425048
11205,14304,0.6110056925996205
11205,14305,0.6062618595825426
11205,14307,0.6015180265654649
1482,14279,0.5749525616698292
10715,14279,0.6888045540796964
14279,14300,0.6347248576850095
14279,14302,0.5996204933586338
14279,14304,0.681214421252372
14279,14305,0.6878557874762808
14279,14307,0.7096774193548387
14279,14310,0.5986717267552182
1482,14300,0.6043643263757116
1482,14302,0.6612903225806451
1482,14304,0.650853889943074
1482,14305,0.5891840607210627
1482,14307,0.5702087286527514
1482,14308,0.5683111954459203
1482,14309,0.5777988614800759
7638,14305,0.5853889943074004
7638,14307,0.5673624288425048
10715,14300,0.6053130929791272
10715,14302,0.5578747628083491
10715,14304,0.6157495256166983
10715,14305,0.6091081593927894
10715,14307,0.6584440227703985
10715,14310,0.5891840607210627
14300,14302,0.6489563567362429
14300,14304,0.6622390891840607
14300,14305,0.6499051233396584
14300,14307,0.650853889943074
14300,14309,0.5777988614800759
14300,14310,0.6043643263757116
14302,14304,0.6489563567362429
14302,14305,0.5901328273244781
14302,14307,0.611954459203036
14302,14308,0.6148007590132827
14302,14309,0.5910815939278937
14302,14310,0.573055028462998
14303,14503,0.8206831119544592
14304,14305,0.7011385199240987
14304,14307,0.6916508538899431
14304,14309,0.5882352941176471
14304,14310,0.579696394686907
14305,14307,0.6944971537001897
14305,14309,0.6005692599620494
14305,14310,0.5825426944971537
14307,14310,0.6223908918406073
14309,14310,0.579696394686907
